,Name,span_name,align_name,bridge_name,Station,Type,Angle,LeftWidth,RightWidth,SpaceList,PierAngleList,FundAngleList,H0,H1,SlopLeft,SlopRight,SlopReal,bridge,cap,ramp,BridgeLeft,BridgeRight,pier,pier_h,block_type,block_length,block_weight,cap_length,bridge_length,P1,P2,P3,span1,span2
13,SEC1/EBI01/P14,EBA+00606.000,EBA,EBI01,606.0,F2,90.0,12.0,18.4,"-5.6,22,0,0","0,0,0,0","-24.014,-24.014,0,0",1646.51496550681,1632.9143,-0.459232501407391,-0.459232501407391,-0.5,"[-5.0, 5.0]","[-12.0, 18.4]",[0],5.0,5.0,[-10.6  17. ],13.600665506810174,"['CB17', 'CB18', 'CB17']","[9.149999999999999, 11.5, 9.149999999999999]","[110.74649999999998, 132.82500000000002, 110.74649999999998]",30.4,10.0,-10.6,17.0,0.0,27.6,0.0
16,SEC1/JKI01/P01,JKA+00524.420,JKA,JKI01,524.42,F2,90.0,8.4,8.4,"-2.5,11.5,0,0","0,0,0,0","0,0,0,0",1642.46580110986,1634.257072,2.5,2.5,2.5,"[-4.5, 4.5]","[-8.4, 8.4]",[0],4.5,4.5,[-7.  7.],8.20872910985986,"['CB17', 'CB17']","[8.25, 8.25]","[100.35150000000002, 100.35150000000002]",16.8,9.0,-7.0,7.0,0.0,14.0,0.0
20,SEC1/ML02/P02,M1K+07597.000,M1K,SEC102,7597.0,F2,90.0,17.446737655269,10.449903528968,"1.75,26.8467,0,0","0,0,0,0","0,0,0,0",1643.9721704885,1634.45735,3.0,3.0,3.0,"[-17.796737655269, 10.799903528968]","[-17.446737655269, 10.449903528968]",[0],17.796737655269,10.799903528968,[-16.0467   9.05  ],9.514820488500163,"['CB17', 'CB18', 'CB17']","[7.898320592118499, 11.5, 7.898320592118499]","[96.28960283896866, 132.82500000000002, 96.28960283896866]",27.896641184236998,28.596641184237,-16.0467,9.05,0.0,25.096700000000002,0.0
38,SEC1/SBI05/P13,SBE+00723.850,SBE,SBI05,723.85,F2,90.0,12.4,16.4,"-6,20,0,0","0,0,0,0","-17.3165,-17.3165,0,0",1658.38750204085,1648.3667875,-2.5,-2.5,0.0,"[-5.0, 5.0]","[-12.4, 16.4]",[0],5.0,5.0,[-11.  15.],10.020714540849895,"['CB17', 'CB18', 'CB17']","[8.349999999999998, 11.5, 8.349999999999998]","[101.50649999999999, 132.82500000000002, 101.50649999999999]",28.799999999999997,10.0,-11.0,15.0,0.0,26.0,0.0
50,SEC2/CCI03/P02,CCC+00452.000,CCC,CCI03,452.0,F2,90.0,4.65,12.1,"1.75,15.7,0,0","0,0,0,0","0,0,0,0",1665.37771901108,1657.416,2.5,2.5,2.5,"[-5.001168547064, 4.998817003504]","[-4.65, 12.1]",[0],5.001168547064,4.998817003504,[-3.2512 10.6988],7.961719011080049,"['CB17', 'CB17']","[8.225, 8.225]","[100.06275000000002, 100.06275000000002]",16.75,9.999985550567999,-3.2512,10.6988,0.0,13.95,0.0
51,SEC2/CCI03/P03,CCC+00482.000,CCC,CCI03,482.0,F2,90.0,6.4,8.3,"0,11.9,0,0","0,0,0,0","0,0,0,0",1666.77209472005,1657.4243,2.5,2.5,2.5,"[-5.000000230392, 4.999999768914]","[-6.4, 8.3]",[0],5.000000230392,4.999999768914,[-5.   6.9],9.34779472005016,"['CB17', 'CB17']","[7.2, 7.2]","[88.224, 88.224]",14.700000000000001,9.999999999305999,-5.0,6.9,0.0,11.9,0.0
52,SEC2/CCI03/P04,CCC+00512.000,CCC,CCI03,512.0,F2,90.0,15.4,4.65,"-9,8.25,0,0","0,0,0,0","0,0,0,0",1668.0233597461,1657.9874,2.5,2.5,2.5,"[-5.00000023049, 4.999999771979]","[-15.4, 4.65]",[0],5.00000023049,4.999999771979,[-14.     3.25],10.035959746099934,"['CB17', 'CB17']","[9.875, 9.875]","[119.12025, 119.12025]",20.05,10.000000002469001,-14.0,3.25,0.0,17.25,0.0
108,SEC2/ML02/P05,M1K+16280.000,M1K,SEC202,16280.0,FC2,90.0,20.4676206162837,10.450000422348,"-5.45788544789875,10.609735590733,16.609735590733,0","0,0,0,0","0,0,0,0",1666.14534734502,1653.277,2.5,-2.5,0.3,"[-13.609735168385, 10.800000422348]","[-20.4676206162837, 10.450000422348]",[0],13.609735168385,10.800000422348,[-19.0676  -3.       3.    ],12.868347345019856,"['CB15', 'CB14', 'CB06']","[8.4, 10.217621038631702, 11.7]","[91.759, 101.5018493609852, 123.904]",30.9176210386317,24.409735590733,-19.0676,-3.0,3.0,16.0676,6.0
109,SEC2/ML02/P06,M1K+16310.000,M1K,SEC202,16310.0,FC2,90.0,21.0397679261859,10.450000420889,"-4.83843284032188,11.801335506753,17.801335506753,0","0,0,0,0","0,0,0,0",1666.55900079761,1654.059,2.5,-2.5,0.4,"[-14.801335085864, 10.800000420889]","[-21.0397679261859, 10.450000420889]",[0],14.801335085864,10.800000420889,[-19.6398  -3.       3.    ],12.500000797610028,"['CB15', 'CB14', 'CB06']","[8.4, 10.7897683470749, 11.7]","[91.759, 106.10763519395294, 123.904]",31.4897683470749,25.601335506753003,-19.6398,-3.0,3.0,16.6398,6.0
110,SEC2/ML02/P07,M1K+16340.000,M1K,SEC202,16340.0,FC2,90.0,24.0562891079769,10.450000420595,"-7.59037012676592,12.065919401806,18.065919401806,0","0,0,0,0","0,0,0,0",1666.93732673856,1654.625,2.5,-2.5,0.5,"[-15.065918981211, 10.800000420595]","[-24.0562891079769, 10.450000420595]",[0],15.065918981211,10.800000420595,[-22.6563  -3.       3.    ],12.312326738559932,"['CB15', 'CB16', 'CB14', 'CB06']","[8.4, 5.056289528571899, 8.45, 11.7]","[91.759, 40.703130705003794, 87.27250000000001, 123.904]",34.5062895285719,25.865919401806,-22.6563,-3.0,3.0,19.6563,6.0
111,SEC2/ML02/P08,M1K+16370.000,M1K,SEC202,16370.0,FC2,90.0,25.0544543256299,10.450000422348,"-7.25418827467394,13.400266473304,19.400266473304,0","0,0,0,0","0,0,0,0",1667.23960473418,1655.3745,2.5,-2.5,0.6,"[-16.400266050956, 10.800000422348]","[-25.0544543256299, 10.450000422348]",[0],16.400266050956,10.800000422348,[-23.6545  -3.       3.    ],11.865104734180022,"['CB15', 'CB16', 'CB14', 'CB06']","[8.4, 6.054454747977903, 8.45, 11.7]","[91.759, 48.73836072122213, 87.27250000000001, 123.904]",35.5044547479779,27.200266473303998,-23.6545,-3.0,3.0,20.6545,6.0
112,SEC2/ML02/P09,M1K+16400.000,M1K,SEC202,16400.0,FC2,90.0,25.5012969680925,10.450000422466,"-4.85638094534448,16.244916445214,22.244916445214,0","0,0,0,0","0,0,0,0",1667.47871342977,1656.24,2.5,-2.5,0.8,"[-19.244916022748, 10.800000422466]","[-25.5012969680925, 10.450000422466]",[0],19.244916022748,10.800000422466,[-24.1013  -3.       3.    ],11.238713429770087,"['CB15', 'CB16', 'CB14', 'CB06']","[8.4, 6.501297390558502, 8.45, 11.7]","[91.759, 52.335443993995945, 87.27250000000001, 123.904]",35.9512973905585,30.044916445214,-24.1013,-3.0,3.0,21.1013,6.0
113,SEC2/ML02/P10,M1K+16430.000,M1K,SEC202,16430.0,FC2,90.0,26.9502680314803,10.450000422613,"-1.91530705495834,20.634961399135,26.634961399135,0","0,0,0,0","0,0,0,0",1667.64976863349,1656.497,2.5,-2.5,1.0,"[-23.634960976522, 10.800000422613]","[-26.9502680314803, 10.450000422613]",[0],23.634960976522,10.800000422613,[-25.5503  -3.       3.    ],11.15276863349004,"['CB15', 'CB16', 'CB14', 'CB06']","[8.4, 7.950268454093301, 8.45, 11.7]","[91.759, 63.99966105545108, 87.27250000000001, 123.904]",37.4002684540933,34.434961399135,-25.5503,-3.0,3.0,22.5503,6.0
114,SEC2/ML02/P11,M1K+16460.000,M1K,SEC202,16460.0,FC2,90.0,29.436987407447,10.450000422348,"1.4,26.436987829795,32.436987829795,0","0,0,0,0","0,0,0,0",1667.91108482136,1656.689,2.5,-2.5,0.0,"[-29.436987407447, 10.800000422348]","[-29.436987407447, 10.450000422348]",[0],29.436987407447,10.800000422348,[-28.037  -3.      3.   ],11.222084821359886,"['CB15', 'CB16', 'CB14', 'CB06']","[8.4, 10.436987829794997, 8.45, 11.7]","[91.759, 84.01775202984973, 87.27250000000001, 123.904]",39.886987829795,40.236987829795,-28.037,-3.0,3.0,25.037,6.0
123,SEC2/ML02/P20,M1K+16731.000,M1K,SEC202,16731.0,FC2,90.0,10.449310351099,21.7129349085996,"7.8,13.8,31.1122452596986,0","0,0,0,0","0,0,0,0",1669.32164390139,1658.3346,-0.535303333333298,-2.5,-1.8,"[-10.799310351099, 16.946280600649]","[-10.449310351099, 21.7129349085996]",[0],10.799310351099,16.946280600649,[-2.9993  3.0007 20.3129],10.987043901390052,"['CB06', 'CB14', 'CB15']","[11.7, 11.462245259698602, 8.4]","[123.904, 111.52107434057376, 91.759]",32.1622452596986,27.745590951748,-2.9993,3.0007,20.3129,6.0,17.312199999999997
124,SEC2/ML02/P21,M1K+16757.000,M1K,SEC202,16757.0,FC2,90.0,10.449409002716,20.2835964217923,"8.8,14.8,29.6830054245083,0","0,0,0,0","0,0,0,0",1669.38451817564,1657.9859,-1.48863666666663,-2.5,-2.1,"[-10.799409002716, 18.571867762262]","[-10.449409002716, 20.2835964217923]",[0],10.799409002716,18.571867762262,[-1.9994  4.0006 18.8836],11.398618175640195,"['CB06', 'CB14', 'CB15']","[11.7, 10.0330054245083, 8.4]","[123.904, 100.01569366729183, 91.759]",30.7330054245083,29.371276764978,-1.9994,4.0006,18.8836,6.0,14.883000000000001
125,SEC2/ML02/P22,M1K+16783.000,M1K,SEC202,16783.0,FC1,90.0,10.449480721327,20.535985093905,"10.8,29.935985093905,0,0","0,0,0,0","0,0,0,0",1669.39161965644,1657.78845,-2.44196999999996,-2.5,-2.5,"[-10.799480721327, 20.536504372578]","[-10.449480721327, 20.535985093905]",[0],10.799480721327,20.536504372578,[5.00000e-04 1.91365e+01],11.603169656440059,"['CB01', 'CB02', 'CB11', 'CB13', 'CB12']","[6.5, 7.3, 4.15, 3.435465815231999, 8.4]","[58.38000000000001, 105.39500000000001, 43.39750000000001, 31.09096562784959, 94.709]",30.985465815232,31.335985093905002,0.0005,19.1365,0.0,19.136000000000003,0.0
128,SEC2/ML02/P25,M1K+16865.000,M1K,SEC202,16865.0,FC1,90.0,22.228428165827,10.450001863196,"1.4,22.228430029023,0,0","0,0,0,0","0,0,0,0",1668.95428425302,1657.102,-3.0,-3.0,-3.0,"[-22.228428165827, 10.800001863196]","[-22.228428165827, 10.450001863196]",[0],22.228428165827,10.800001863196,[-20.8284   0.    ],11.852284253019889,"['CB12', 'CB13', 'CB11', 'CB02', 'CB01']","[8.4, 5.128430029023003, 4.15, 7.3, 6.5]","[94.709, 46.412291762658185, 43.39750000000001, 105.39500000000001, 58.38000000000001]",32.678430029023005,33.028430029023,-20.8284,0.0,0.0,20.8284,0.0
129,SEC2/ML02/P26,M1K+16895.000,M1K,SEC202,16895.0,FC1,90.0,20.536013064209,10.450002068301,"1.4,20.53601513251,0,0","0,0,0,0","0,0,0,0",1668.67710458142,1657.00975,-3.0,-3.0,-3.0,"[-20.536013064209, 10.800002068301]","[-20.536013064209, 10.450002068301]",[0],20.536013064209,10.800002068301,[-19.136   0.   ],11.667354581420113,"['CB12', 'CB13', 'CB11', 'CB02', 'CB01']","[8.4, 3.4360151325099997, 4.15, 7.3, 6.5]","[94.709, 31.0959369492155, 43.39750000000001, 105.39500000000001, 58.38000000000001]",30.98601513251,31.33601513251,-19.136,0.0,0.0,19.136,0.0
130,SEC2/ML02/P27,M1K+16925.000,M1K,SEC202,16925.0,FC1,90.0,28.732,10.450002273908,"-8.27,19.06,0,0","0,0,0,0","0,0,0,0",1668.37710401694,1657.3115,-3.0,-3.0,-3.0,"[-19.062005456773, 10.800002273908]","[-28.732, 10.450002273908]",[0],19.062005456773,10.800002273908,[-2.7332e+01 -2.0000e-03],11.065604016939915,"['CB12', 'CB13', 'CB11', 'CB02', 'CB01']","[8.4, 11.632002273907995, 4.15, 7.3, 6.5]","[94.709, 105.26962057886736, 43.39750000000001, 105.39500000000001, 58.38000000000001]",39.182002273908,29.862007730681,-27.332,-0.002,0.0,27.330000000000002,0.0
131,SEC2/ML02/P28,M1K+16955.000,M1K,SEC202,16955.0,FC1,90.0,26.2485604133847,10.450002482148,"-7.04179913032771,17.806763765205,0,0","0,0,0,0","0,0,0,0",1668.07709983777,1657.2125,-3.0,-3.0,-3.0,"[-17.806761283057, 10.800002482148]","[-26.2485604133847, 10.450002482148]",[0],17.806761283057,10.800002482148,[-24.8486   0.    ],10.864599837769902,"['CB12', 'CB13', 'CB11', 'CB02', 'CB01']","[8.4, 9.148562895532693, 4.15, 7.3, 6.5]","[94.709, 82.7944942045709, 43.39750000000001, 105.39500000000001, 58.38000000000001]",36.698562895532696,28.606763765205002,-24.8486,0.0,0.0,24.8486,0.0
132,SEC2/ML02/P29,M1K+16985.000,M1K,SEC202,16985.0,FC1,90.0,24.6810306477886,10.450002672667,"-6.51040511427761,16.770628206178,0,0","0,0,0,0","0,0,0,0",1667.7771023603,1656.989,-3.0,-3.0,-3.0,"[-16.770625533511, 10.800002672667]","[-24.6810306477886, 10.450002672667]",[0],16.770625533511,10.800002672667,[-23.281   0.   ],10.788102360299945,"['CB12', 'CB13', 'CB11', 'CB02', 'CB01']","[8.4, 7.581033320455597, 4.15, 7.3, 6.5]","[94.709, 68.60835155012316, 43.39750000000001, 105.39500000000001, 58.38000000000001]",35.1310333204556,27.570628206178,-23.281,0.0,0.0,23.281,0.0
133,SEC2/ML02/P30,M1K+17015.000,M1K,SEC202,17015.0,FC1,90.0,23.8262069987384,10.450002857375,"-6.47237820418937,15.953831651924,0,0","0,0,0,0","0,0,0,0",1667.47710723544,1657.4165,-3.0,-3.0,-3.0,"[-15.953828794549, 10.800002857375]","[-23.8262069987384, 10.450002857375]",[0],15.953828794549,10.800002857375,[-22.4262   0.    ],10.060607235439875,"['CB12', 'CB13', 'CB11', 'CB02', 'CB01']","[8.4, 6.726209856113393, 4.15, 7.3, 6.5]","[94.709, 60.872199197826205, 43.39750000000001, 105.39500000000001, 58.38000000000001]",34.2762098561134,26.753831651924003,-22.4262,0.0,0.0,22.4262,0.0
134,SEC2/ML02/P31,M1K+17045.000,M1K,SEC202,17045.0,FC1,90.0,23.6031004328647,10.450003048929,"-6.84654100683967,15.356562474954,0,0","0,0,0,0","0,0,0,0",1667.17710968324,1656.959,-3.0,-3.0,-3.0,"[-15.356559426025, 10.800003048929]","[-23.6031004328647, 10.450003048929]",[0],15.356559426025,10.800003048929,[-22.2031   0.    ],10.218109683239845,"['CB12', 'CB13', 'CB11', 'CB02', 'CB01']","[8.4, 6.503103481793695, 4.15, 7.3, 6.5]","[94.709, 58.85308651023294, 43.39750000000001, 105.39500000000001, 58.38000000000001]",34.0531034817937,26.156562474954,-22.2031,0.0,0.0,22.2031,0.0
135,SEC2/ML02/P32,M1K+17075.000,M1K,SEC202,17075.0,FC1,90.0,23.5999935361436,10.450003239378,"-7.22104195577265,14.978954819749,0,0","0,0,0,0","0,0,0,0",1666.8841359249,1656.92825,-3.0,-3.0,-3.0,"[-14.978951580371, 10.800003239378]","[-23.5999935361436, 10.450003239378]",[0],14.978951580371,10.800003239378,[-22.2   0. ],9.95588592490003,"['CB12', 'CB13', 'CB11', 'CB02', 'CB01']","[8.4, 6.499996775521596, 4.15, 7.3, 6.5]","[94.709, 58.82497081847045, 43.39750000000001, 105.39500000000001, 58.38000000000001]",34.0499967755216,25.778954819749,-22.2,0.0,0.0,22.2,0.0
136,SEC2/ML02/P33,M1K+17105.000,M1K,SEC202,17105.0,FC1,90.0,23.618806452071,10.450003418616,"-7.40107486750605,14.817735003181,0,0","0,0,0,0","0,0,0,0",1666.64039069193,1656.7595,-3.0,-3.0,-3.0,"[-14.817731584565, 10.800003418616]","[-23.618806452071, 10.450003418616]",[0],14.817731584565,10.800003418616,[-22.2188   0.    ],9.880890691930063,"['CB12', 'CB13', 'CB11', 'CB02', 'CB01']","[8.4, 6.518809870686995, 4.15, 7.3, 6.5]","[94.709, 58.99522932971731, 43.39750000000001, 105.39500000000001, 58.38000000000001]",34.068809870687,25.617735003181,-22.2188,0.0,0.0,22.2188,0.0
137,SEC2/ML02/P34,M1K+17135.000,M1K,SEC202,17135.0,FC1,90.0,23.619363581997,10.450003597291,"-7.63263036545903,14.586736813829,0,0","0,0,0,0","0,0,0,0",1666.45288946573,1656.62,-3.0,-3.0,-3.0,"[-14.586733216538, 10.800003597291]","[-23.619363581997, 10.450003597291]",[0],14.586733216538,10.800003597291,[-22.2194   0.    ],9.832889465730204,"['CB12', 'CB13', 'CB11', 'CB02', 'CB01']","[8.4, 6.519367179287998, 4.15, 7.3, 6.5]","[94.709, 59.00027297255639, 43.39750000000001, 105.39500000000001, 58.38000000000001]",34.069367179288,25.386736813829,-22.2194,0.0,0.0,22.2194,0.0
141,SEC2/ML02/P38,M1K+17255.000,M1K,SEC202,17255.0,FC1,90.0,10.449713259691,21.653,"10.8,31.053,0,0","0,0,0,0","0,0,0,0",1666.13527974272,1656.2115,-0.477993333333361,-2.5,-1.9,"[-10.799713259691, 22.003065515227]","[-10.449713259691, 21.653]",[0],10.799713259691,22.003065515227,[3.00000e-04 2.02533e+01],9.923779742720171,"['CB01', 'CB02', 'CB11', 'CB13', 'CB12']","[6.5, 7.3, 4.15, 4.552713259690999, 8.4]","[58.38000000000001, 105.39500000000001, 43.39750000000001, 41.20205500020354, 94.709]",32.102713259691,32.802778774917996,0.0003,20.2533,0.0,20.253,0.0
142,SEC2/ML02/P39,M1K+17285.000,M1K,SEC202,17285.0,FC1,90.0,10.449808990348,19.306964525547,"10.8,28.706964525547,0,0","0,0,0,0","0,0,0,0",1666.17412933574,1655.97675,0.622006666666639,-2.5,-1.4,"[-10.799808990348, 19.307155535199]","[-10.449808990348, 19.306964525547]",[0],10.799808990348,19.307155535199,[2.00000e-04 1.79072e+01],10.197379335739924,"['CB01', 'CB02', 'CB11', 'CB11']","[6.5, 7.3, 6.656773515894997, 8.4]","[58.38000000000001, 105.39500000000001, 66.08380031884974, 81.86000000000001]",29.756773515895,30.106964525547,0.0002,17.9072,0.0,17.907,0.0
143,SEC2/ML02/P40,M1K+17315.000,M1K,SEC202,17315.0,FC2,90.0,10.449912306793,29.2103687058521,"7.8,13.8,38.6102810126451,0","0,0,0,0","0,0,0,0",1666.26219614396,1655.43075,1.72200666666664,-2.5,-0.9,"[-10.799912306793, 17.01236890247]","[-10.449912306793, 29.2103687058521]",[0],10.799912306793,17.01236890247,[-2.9999  3.0001 27.8104],10.831446143959965,"['CB06', 'CB14', 'CB16', 'CB15']","[11.7, 8.45, 10.210281012645101, 8.4]","[123.904, 87.27250000000001, 82.19276215179308, 91.759]",39.6602810126451,27.812281209263002,-2.9999,3.0001,27.8104,6.0,24.8103
144,SEC2/ML02/P41,M1K+17345.000,M1K,SEC202,17345.0,FC2,90.0,10.449991138957,27.6352312804516,"7.8,13.8,37.0352224194086,0","0,0,0,0","0,0,0,0",1666.3776071488,1655.6055,2.5,-2.5,-0.5,"[-10.799991138957, 15.470887237017]","[-10.449991138957, 27.6352312804516]",[0],10.799991138957,15.470887237017,[-3.      3.     26.2352],10.77210714880016,"['CB06', 'CB14', 'CB16', 'CB15']","[11.7, 8.45, 8.635222419408596, 8.4]","[123.904, 87.27250000000001, 69.5135404762392, 91.759]",38.085222419408595,26.270878375974,-3.0,3.0,26.2352,6.0,23.2352
145,SEC2/ML02/P42,M1K+17375.000,M1K,SEC202,17375.0,FC2,90.0,10.44999113901,26.7998530614243,"7.8,13.8,36.1998442004343,0","0,0,0,0","0,0,0,0",1666.52760743787,1655.4015,2.5,-2.5,-0.5,"[-10.79999113901, 14.821500345377]","[-10.44999113901, 26.7998530614243]",[0],10.79999113901,14.821500345377,[-3.      3.     25.3999],11.126107437870132,"['CB06', 'CB14', 'CB16', 'CB15']","[11.7, 8.45, 7.799844200434304, 8.4]","[123.904, 87.27250000000001, 62.78874581349616, 91.759]",37.2498442004343,25.621491484387,-3.0,3.0,25.3999,6.0,22.3999
146,SEC2/ML02/P43,M1K+17405.000,M1K,SEC202,17405.0,FC2,90.0,10.449991142625,25.2134621451289,"7.8,13.8,34.6134532877539,0","0,0,0,0","0,0,0,0",1666.69590918202,1654.73525,2.5,-2.5,-0.3,"[-10.799991142625, 13.627096235507]","[-10.449991142625, 25.2134621451289]",[0],10.799991142625,13.627096235507,[-3.      3.     23.8135],11.960659182019981,"['CB06', 'CB14', 'CB16', 'CB15']","[11.7, 8.45, 6.213453287753904, 8.4]","[123.904, 87.27250000000001, 50.01829896641893, 91.759]",35.6634532877539,24.427087378132,-3.0,3.0,23.8135,6.0,20.8135
194,SEC2/ML04L/P07,L1K+18798.000,L1K,SEC204L,18798.0,F2,90.0,6.15,18.4,"7,23.5,0,0","0,0,0,0","0,0,0,0",1668.23695504106,1657.7831,-2.5,-2.5,-2.5,"[-6.500000415788, 16.682835924198]","[-6.15, 18.4]",[0],6.500000415788,16.682835924198,[ 0.5 17. ],10.453855041059796,"['CB17', 'CB18', 'CB17']","[10.65, 8.299999999999997, 5]","[128.07150000000001, 95.86499999999998, 62.81400000000001]",24.549999999999997,23.182836339985997,0.5,17.0,0.0,16.5,0.0
195,SEC2/ML04L/P08,L1K+18828.000,L1K,SEC204L,18828.0,F2,90.0,6.15,16.8,"7,21.9,0,0","0,0,0,0","0,0,0,0",1668.30076419663,1658.1764,-2.5,-2.5,-2.5,"[-6.500000416024, 17.183098994538]","[-6.15, 16.8]",[0],6.500000416024,17.183098994538,[ 0.5 15.4],10.12436419663004,"['CB17', 'CB18', 'CB17']","[10.65, 6.700000000000003, 5]","[128.07150000000001, 77.38500000000003, 62.81400000000001]",22.950000000000003,23.683099410562,0.5,15.4,0.0,14.9,0.0
196,SEC2/ML04L/P09,L1K+18858.000,L1K,SEC204L,18858.0,F2,90.0,6.15,19.8,"1.75,24.9,0,0","0,0,0,0","0,0,0,0",1668.40743126652,1658.2397,-2.5,-2.5,-2.5,"[-6.500000411495, 17.678386960765]","[-6.15, 19.8]",[0],6.500000411495,17.678386960765,[-4.75 18.4 ],10.167731266519922,"['CB17', 'CB18', 'CB17']","[6.925000000000002, 11.5, 6.925000000000002]","[85.04775000000002, 132.82500000000002, 85.04775000000002]",25.950000000000003,24.178387372259998,-4.75,18.4,0.0,23.15,0.0
199,SEC2/ML04L/P12,L1K+18940.000,L1K,SEC204L,18940.0,F2,90.0,6.15,20.4,"7,25.5,0,0","0,0,0,0","0,0,0,0",1668.91839452919,1658.006,-0.345176470588151,-0.345176470588151,-0.3,"[-6.499988309221, 19.327485549422]","[-6.15, 20.4]",[0],6.499988309221,19.327485549422,[ 0.5 19. ],10.912394529189896,"['CB17', 'CB18', 'CB17']","[10.65, 10.299999999999997, 5]","[128.07150000000001, 118.965, 62.81400000000001]",26.549999999999997,25.827473858643,0.5,19.0,0.0,18.5,0.0
200,SEC2/ML04L/P13,L1K+18970.000,L1K,SEC204L,18970.0,F3,90.0,12.0827015421416,21.869420800857,"-4.18261497217356,9.71572013835006,26.969507370825,0","0,0,0,0","0,0,0,0",1669.14829821525,1657.62,1.41952941176479,1.41952941176479,1.4,"[-6.500086569968, 20.211124613556]","[-12.0827015421416, 21.869420800857]",[0],6.500086569968,20.211124613556,[-10.6827   3.2156  20.4694],11.52829821525006,"['CB17', 'CB21', 'CB18', 'CB17']","[9.9983, 10, 8.053800000000003, 5]","[120.54436500000001, 145.97000000000003, 93.02139000000004, 62.81400000000001]",33.9521223429986,26.711211183524,-10.6827,3.2156,20.4694,13.8983,17.253800000000002
201,SEC2/ML04L/P14,L1K+19000.000,L1K,SEC204L,19000.0,F3,90.0,9.13219710950856,25.0421207615329,"-1.23162078405757,13.0574128057259,30.1426970869839,0","0,0,0,0","0,0,0,0",1669.38350247487,1657.177,3.18423529411773,3.18423529411773,3.2,"[-6.500576325451, 21.484567969768]","[-9.13219710950856, 25.0421207615329]",[0],6.500576325451,21.484567969768,[-7.7322  6.5568 23.6421],12.206502474870149,"['CB17', 'CB21', 'CB18', 'CB17']","[10.389, 10, 7.885300000000001, 5]","[125.05695000000001, 145.97000000000003, 91.07521500000003, 62.81400000000001]",34.17431787104146,27.985144295219,-7.7322,6.5568,23.6421,14.289,17.0853
202,SEC2/ML04L/P15,L1K+19030.000,L1K,SEC204L,19030.0,F3,90.0,8.07179869488742,30.5404036128904,"-0.170487101660415,15.0333221592365,35.6417152061174,0","0,0,0,0","0,0,0,0",1669.61600041618,1656.8485,4.0,4.0,4.0,"[-6.501311593227, 23.432089380052]","[-8.07179869488742, 30.5404036128904]",[0],6.501311593227,23.432089380052,[-6.6718  8.532  29.1404],12.767500416179928,"['CB17', 'CB21', 'CB18', 'CB17']","[11.3038, 10, 11.4084, 5]","[135.62289, 145.97000000000003, 131.76702000000003, 62.81400000000001]",38.61220230777782,29.933400973279,-6.6718,8.532,29.1404,15.203800000000001,20.6084
203,SEC2/ML04L/P16,L1K+19060.000,L1K,SEC204L,19060.0,F3,90.0,11.4135724373571,33.9082274542107,"-3.51357197146514,15.6416999797055,39.0082279201026,0","0,0,0,0","0,0,0,0",1669.84933480628,1656.74,4.0,4.0,4.0,"[-6.500000465892, 26.262843556474]","[-11.4135724373571, 33.9082274542107]",[0],6.500000465892,26.262843556474,[-10.0136   9.1417  32.5082],13.109334806280003,"['CB17', 'CB18', 'CB21', 'CB18', 'CB17']","[5, 9.955300000000001, 10, 11.5, 7.666500000000003]","[62.81400000000001, 114.98371500000002, 145.97000000000003, 132.82500000000002, 93.61207500000003]",45.32179989156781,32.762844022366,-10.0136,9.1417,32.5082,19.1553,23.366500000000002
204,SEC2/ML04L/P17,L1K+19085.000,L1K,SEC204L,19085.0,F3,90.0,15.7885625598026,35.9431671517671,"-7.88856209005865,15.1918291146025,41.0431676215112,0","0,0,0,0","0,0,0,0",1670.04377689548,1656.51725,4.0,4.0,4.0,"[-6.500000469744, 29.221615250057]","[-15.7885625598026, 35.9431671517671]",[0],6.500000469744,29.221615250057,[-14.3886   8.6918  34.5432],13.526526895479947,"['CB17', 'CB18', 'CB21', 'CB18', 'CB17']","[7.380400000000002, 11.5, 10, 11.5, 10.151399999999999]","[90.30762000000003, 132.82500000000002, 145.97000000000003, 132.82500000000002, 122.31267]",51.7317297115697,35.721615719801,-14.3886,8.6918,34.5432,23.0804,25.851399999999998
205,SEC2/ML04L/P18,L1K+19115.000,L1K,SEC204L,19115.0,F2,90.0,22.0,7.4,"-14.1,12.5,0,0","0,0,0,0","0,0,0,0",1670.27439972201,1656.11525,4.0,4.0,4.0,"[-6.500000473909, 4.499999526428]","[-22.0, 7.4]",[0],6.500000473909,4.499999526428,[-20.6   6. ],14.159149722009943,"['CB17', 'CB18', 'CB17']","[8.649999999999999, 11.5, 8.649999999999999]","[104.97149999999998, 132.82500000000002, 104.97149999999998]",29.4,11.000000000337,-20.6,6.0,0.0,26.6,0.0
206,SEC2/ML04L/P19,L1K+19145.000,L1K,SEC204L,19145.0,F2,90.0,8.53796469892127,6.15131396059663,"-0.637964219076267,11.2513144404416,0,0","0,0,0,0","0,0,0,0",1670.45006586641,1655.8635,4.0,4.0,4.0,"[-6.500000479845, 4.499999523077]","[-8.53796469892127, 6.15131396059663]",[0],6.500000479845,4.499999523077,[-7.138   4.7513],14.586565866409956,"['CB17', 'CB17']","[7.1946393297589495, 7.1946393297589495]","[88.16208425871586, 88.16208425871586]",14.6892786595179,11.000000002922,-7.138,4.7513,0.0,11.889299999999999,0.0
207,SEC2/ML04L/P20,L1K+19175.000,L1K,SEC204L,19175.0,F2,90.0,7.99988481938025,6.9504718841965,"-0.0998843383212535,12.0504723652555,0,0","0,0,0,0","0,0,0,0",1670.55073329836,1655.688,4.0,4.0,4.0,"[-6.500000481059, 4.499999519393]","[-7.99988481938025, 6.9504718841965]",[0],6.500000481059,4.499999519393,[-6.5999  5.5505],14.862733298359899,"['CB17', 'CB17']","[7.325178351788375, 7.325178351788375]","[89.66980996315573, 89.66980996315573]",14.95035670357675,11.000000000452,-6.5999,5.5505,0.0,12.150400000000001,0.0
208,SEC2/ML04L/P21,L1K+19205.000,L1K,SEC204L,19205.0,F2,90.0,6.250000483832,8.86357025608405,"1.65,13.963570739916,0,0","0,0,0,0","0,0,0,0",1670.57639976161,1655.8025,4.0,4.0,4.0,"[-6.500000483832, 4.499999517776]","[-6.250000483832, 8.86357025608405]",[0],6.500000483832,4.499999517776,[-4.85    7.4636],14.773899761609982,"['CB17', 'CB17']","[7.406785369958024, 7.406785369958024]","[90.61237102301519, 90.61237102301519]",15.11357073991605,11.000000001608,-4.85,7.4636,0.0,12.3136,0.0
210,SEC2/ML04L/P23,L1K+19265.000,L1K,SEC204L,19265.0,F2,90.0,10.5299156243867,4.249519992857,"-2.62943789963173,9.349997717612,0,0","0,0,0,0","0,0,0,0",1670.40271424203,1656.922,1.50035294117654,1.50035294117654,1.5,"[-6.500477724755, 4.499519992857]","[-10.5299156243867, 4.249519992857]",[0],6.500477724755,4.499519992857,[-9.1299  2.8495],13.48071424202999,"['CB17', 'CB17']","[7.239717808621849, 7.239717808621849]","[88.68274068958236, 88.68274068958236]",14.7794356172437,10.999997717612,-9.1299,2.8495,0.0,11.979399999999998,0.0
211,SEC2/ML04L/P24,L1K+19295.000,L1K,SEC204L,19295.0,F2,90.0,6.249942827156,8.77541489264763,"1.65,13.8753577198036,0,0","0,0,0,0","0,0,0,0",1670.20151023201,1657.1665,-0.264352941176399,-0.264352941176399,-0.3,"[-6.499942827156, 4.500059855225]","[-6.249942827156, 8.77541489264763]",[0],6.499942827156,4.500059855225,[-4.8499  7.3754],13.035010232009881,"['CB17', 'CB17']","[7.3626788599018145, 7.3626788599018145]","[90.10294083186596, 90.10294083186596]",15.02535771980363,11.000002682381,-4.8499,7.3754,0.0,12.2253,0.0
226,SEC2/ML04L/P39,L1K+19706.000,L1K,SEC204L,19706.0,F2,90.0,6.250000880563,18.2631049002832,"1.65,23.3631057808462,0,0","0,0,0,0","0,0,0,0",1671.21856107589,1660.0543,2.5,2.5,2.5,"[-6.500000880563, 10.499976099461]","[-6.250000880563, 18.2631049002832]",[0],6.500000880563,10.499976099461,[-4.85   16.8631],11.164261075889954,"['CB17', 'CB18', 'CB17']","[6.2065528904231, 11.5, 6.2065528904231]","[76.74968588438682, 132.82500000000002, 76.74968588438682]",24.5131057808462,16.999976980024,-4.85,16.8631,0.0,21.713099999999997,0.0
227,SEC2/ML04L/P40,L1K+19736.000,L1K,SEC204L,19736.0,F2,90.0,6.250000883571,15.38410185431,"1.65,20.484102737881,0,0","0,0,0,0","0,0,0,0",1671.54082130157,1660.3542,2.5,2.5,2.5,"[-6.500000883571, 10.49997610062]","[-6.250000883571, 15.38410185431]",[0],6.500000883571,10.49997610062,[-4.85   13.9841],11.186621301570085,"['CB17', 'CB17']","[10.6670513689405, 10.6670513689405]","[128.26844331126279, 128.26844331126279]",21.634102737881,16.999976984191,-4.85,13.9841,0.0,18.8341,0.0
228,SEC2/ML04L/P41,L1K+19766.000,L1K,SEC204L,19766.0,F3,90.0,9.5,32.142129435491,"-1.5,19.33,34.8,0","0,0,0,0","0,0,0,0",1669.31105746251,1660.6622,2.5,2.5,0.0,"[-6.50000088681, 32.392129435491]","[-9.5, 32.142129435491]",[0],6.50000088681,32.392129435491,[-8.   12.83 28.3 ],8.648857462510023,"['CB17', 'CB18', 'CB21', 'CB18', 'CB17']","[5.129999999999998, 11.5, 10, 6.270000000000001, 5]","[64.31549999999999, 132.82500000000002, 145.97000000000003, 72.41850000000002, 62.81400000000001]",41.642129435491,38.892130322301,-8.0,12.83,28.3,20.83,15.47
230,SEC2/ML04L/P43,L1K+19846.000,L1K,SEC204L,19846.0,FC1,90.0,6.15,23.4846859789732,"10.8,28.7,0,0","0,0,0,0","0,0,0,0",1672.29638470836,1661.2713,2.5,2.5,2.5,"[-6.500000891778, 21.756266319001]","[-6.15, 23.4846859789732]",[0],6.500000891778,21.756266319001,[ 4.3 22.2],11.025084708359827,"['CB01', 'CB02', 'CB11', 'CB11']","[6.5, 7.3, 6.534685978973201, 8.4]","[58.38000000000001, 105.39500000000001, 64.97890810970746, 81.86000000000001]",29.634685978973202,28.256267210779,4.3,22.2,0.0,17.9,0.0
231,SEC2/ML04L/P44,L1K+19876.000,L1K,SEC204L,19876.0,FC1,90.0,6.15,23.0,"10.8,28.1,0,0","0,0,0,0","0,0,0,0",1672.44638049662,1661.3734,2.5,2.5,2.5,"[-6.500000894322, 19.168685196939]","[-6.15, 23.0]",[0],6.500000894322,19.168685196939,[ 4.3 21.6],11.072980496619948,"['CB01', 'CB02', 'CB11', 'CB11']","[6.5, 7.3, 6.049999999999997, 8.4]","[58.38000000000001, 105.39500000000001, 60.59249999999999, 81.86000000000001]",29.15,25.668686091260998,4.3,21.6,0.0,17.3,0.0
238,SEC2/ML04R/P01,R1K+19115.000,R1K,SEC204R,19115.0,F2,90.0,10.15,10.9,"7,20,0,0","0,0,0,0","0,0,0,0",1668.9022542985,1656.0705,2.5,2.5,2.5,"[-10.500082452552, 6.499999935108]","[-10.15, 10.9]",[0],10.500082452552,6.499999935108,[-3.5001  9.4999],12.831754298500073,"['CB17', 'CB17']","[10.6499, 10.1001]","[128.07034500000003, 121.720155]",21.05,17.00008238766,-3.5001,9.4999,0.0,13.0,0.0
239,SEC2/ML04R/P02,R1K+19145.000,R1K,SEC204R,19145.0,F2,90.0,10.250082455282,8.91475837196117,"1.65,18.0148408272432,0,0","0,0,0,0","0,0,0,0",1668.50676172253,1655.80425,2.5,2.5,2.5,"[-10.500082455282, 6.499999936266]","[-10.250082455282, 8.91475837196117]",[0],10.500082455282,6.499999936266,[-8.8501  7.5148],12.702511722530062,"['CB17', 'CB17']","[9.432420413621584, 9.432420413621584]","[114.0084557773293, 114.0084557773293]",19.164840827243168,17.000082391548,-8.8501,7.5148,0.0,16.3649,0.0
240,SEC2/ML04R/P03,R1K+19175.000,R1K,SEC204R,19175.0,F2,90.0,12.2020746830345,6.4181511120755,"-0.289851505216458,15.5303742898935,0,0","0,0,0,0","0,0,0,0",1668.03480252224,1655.39925,2.5,2.5,2.5,"[-10.512223177818, 6.499999940221]","[-12.2020746830345, 6.4181511120755]",[0],10.512223177818,6.499999940221,[-10.8021   5.0182],12.635552522240005,"['CB17', 'CB17']","[9.160112897554999, 9.160112897554999]","[110.86330396676026, 110.86330396676026]",18.62022579511,17.012223118039,-10.8021,5.0182,0.0,15.8203,0.0
241,SEC2/ML04R/P04,R1K+19205.000,R1K,SEC204R,19205.0,F2,90.0,12.0794276074222,6.249999942823,"0.0367165739567574,15.566144124202,0,0","0,0,0,0","0,0,0,0",1667.56132595181,1655.34325,2.5,2.5,2.5,"[-10.716144181379, 6.499999942823]","[-12.0794276074222, 6.249999942823]",[0],10.716144181379,6.499999942823,[-10.6794   4.85  ],12.218075951810079,"['CB17', 'CB17']","[9.0147137751226, 9.0147137751226]","[109.18394410266602, 109.18394410266602]",18.3294275502452,17.216144124202,-10.6794,4.85,0.0,15.529399999999999,0.0
242,SEC2/ML04R/P05,R1K+19235.000,R1K,SEC204R,19235.0,F2,90.0,11.124920497193,8.46433889487583,"1.65,18.4392593920688,0,0","0,0,0,0","0,0,0,0",1667.08784768457,1655.776,2.5,2.5,2.5,"[-11.374920497193, 6.499999945809]","[-11.124920497193, 8.46433889487583]",[0],11.374920497193,6.499999945809,[-9.7249  7.0643],11.311847684570012,"['CB17', 'CB17']","[9.644629696034414, 9.644629696034414]","[116.4594729891975, 116.4594729891975]",19.58925939206883,17.874920443001997,-9.7249,7.0643,0.0,16.7892,0.0
244,SEC2/ML04R/P07,R1K+19295.000,R1K,SEC204R,19295.0,F2,90.0,14.002403049367,6.249999948231,"1.65,19.102402997598,0,0","0,0,0,0","0,0,0,0",1666.31346631713,1656.27425,2.5,2.5,2.5,"[-14.252403049367, 6.499999948231]","[-14.002403049367, 6.249999948231]",[0],14.252403049367,6.499999948231,[-12.6024   4.85  ],10.039216317130013,"['CB17', 'CB17']","[9.976201498799, 9.976201498799]","[120.28912731112845, 120.28912731112845]",20.252402997598,20.752402997598,-12.6024,4.85,0.0,17.452399999999997,0.0
251,SEC2/ML04R/P14,R1K+19495.000,R1K,SEC204R,19495.0,F2,90.0,4.250000036694,17.323506072839,"1.65,20.423506109533,0,0","0,0,0,0","0,0,0,0",1664.46813524135,1659.742,2.5,2.5,0.0,"[-4.500000036694, 17.573506072839]","[-4.250000036694, 17.323506072839]",[0],4.500000036694,17.573506072839,[-2.85   15.9235],4.7261352413499935,"['CB17', 'CB17']","[10.6367530547665, 10.6367530547665]","[127.91849778255306, 127.91849778255306]",21.573506109533,22.073506109533,-2.85,15.9235,0.0,18.773500000000002,0.0
252,SEC2/ML04R/P15,R1K+19525.500,R1K,SEC204R,19525.5,F2,90.0,4.250000037016,13.728449642465,"1.65,16.828449679481,0,0","0,0,0,0","0,0,0,0",1664.9256352511,1659.8197,2.5,2.5,0.0,"[-4.500000037016, 13.978449642465]","[-4.250000037016, 13.728449642465]",[0],4.500000037016,13.978449642465,[-2.85   12.3284],5.105935251099936,"['CB17', 'CB17']","[8.839224839740499, 8.839224839740499]","[107.15704689900276, 107.15704689900276]",17.978449679481,18.478449679481,-2.85,12.3284,0.0,15.1784,0.0
253,SEC2/ML04R/P16,R1K+19556.000,R1K,SEC204R,19556.0,F2,90.0,4.250622583133,11.392079810479,"1.65,14.492702393612,0,0","0,0,0,0","0,0,0,0",1667.88313489284,1661.0022,2.5,2.5,2.5,"[-4.500622583133, 11.642079810479]","[-4.250622583133, 11.392079810479]",[0],4.500622583133,11.642079810479,[-2.8506  9.9921],6.8809348928400595,"['CB17', 'CB17']","[7.6713511968059995, 7.6713511968059995]","[93.6681063231093, 93.6681063231093]",15.642702393612,16.142702393611998,-2.8506,9.9921,0.0,12.8427,0.0
254,SEC2/ML04R/P17,R1K+19586.500,R1K,SEC204R,19586.5,F2,90.0,4.250362182917,10.249960665828,"1.65,13.350322848745,0,0","0,0,0,0","0,0,0,0",1668.3406349079,1660.447575,2.5,2.5,2.5,"[-4.500362182917, 10.499960665828]","[-4.250362182917, 10.249960665828]",[0],4.500362182917,10.499960665828,[-2.8504  8.85  ],7.893059907900124,"['CB17', 'CB17']","[7.1001614243725, 7.1001614243725]","[87.07086445150239, 87.07086445150239]",14.500322848745,15.000322848745,-2.8504,8.85,0.0,11.7004,0.0
255,SEC2/ML04R/P18,R1K+19617.000,R1K,SEC204R,19617.0,F2,90.0,4.250144541192,10.147709180815,"1.65,13.247853722007,0,0","0,0,0,0","0,0,0,0",1668.79678095296,1660.07575,1.64100000000005,1.64100000000005,1.6,"[-4.500144541192, 10.397709180815]","[-4.250144541192, 10.147709180815]",[0],4.500144541192,10.397709180815,[-2.8501  8.7477],8.721030952960064,"['CB17', 'CB17']","[7.048926861003499, 7.048926861003499]","[86.47910524459043, 86.47910524459043]",14.397853722007,14.897853722007,-2.8501,8.7477,0.0,11.5978,0.0
256,SEC2/ML04R/P19,R1K+19647.500,R1K,SEC204R,19647.5,F2,90.0,4.249985842032,8.622737348565,"1.65,11.722723190597,0,0","0,0,0,0","0,0,0,0",1669.25430087494,1660.186875,-0.153117647058774,-0.153117647058774,-0.2,"[-4.499985842032, 8.872737348565]","[-4.249985842032, 8.622737348565]",[0],4.499985842032,8.872737348565,[-2.85    7.2227],9.06742587494,"['CB17', 'CB17']","[6.2863615952985, 6.2863615952985]","[77.67147642569769, 77.67147642569769]",12.872723190597,13.372723190597,-2.85,7.2227,0.0,10.0727,0.0
299,SEC2/ML06/P06,M2K+21206.000,M2K,SEC206,21206.0,FC1,90.0,17.47810727793,10.450125154625,"1.4,17.478232432555,0,0","0,0,0,0","0,0,0,0",1680.83215544404,1671.3003,1.00963666666667,-2.5,-1.3,"[-17.47810727793, 10.800125154625]","[-17.47810727793, 10.450125154625]",[0],17.47810727793,10.800125154625,[-1.60781e+01  1.00000e-04],9.53185544403982,"['CB11', 'CB11', 'CB02', 'CB01']","[8.4, 4.828232432554998, 7.3, 6.5]","[81.86000000000001, 49.535503514622725, 105.39500000000001, 58.38000000000001]",27.928232432555,28.278232432555,-16.0781,0.0001,0.0,16.0782,0.0
300,SEC2/ML06/P07,M2K+21236.000,M2K,SEC206,21236.0,FC1,90.0,19.068176064411,10.450469127811,"1.4,19.068645192222,0,0","0,0,0,0","0,0,0,0",1680.89170452363,1671.5386,-0.290363333333335,-2.5,-1.1,"[-19.068176064411, 10.800469127811]","[-19.068176064411, 10.450469127811]",[0],19.068176064411,10.800469127811,[-1.76682e+01  5.00000e-04],9.353104523630009,"['CB11', 'CB11', 'CB02', 'CB01']","[8.4, 6.4186451922219945, 7.3, 6.5]","[81.86000000000001, 63.92873898960906, 105.39500000000001, 58.38000000000001]",29.518645192221996,29.868645192221997,-17.6682,0.0005,0.0,17.668699999999998,0.0
301,SEC2/ML06/P08,M2K+21266.000,M2K,SEC206,21266.0,FC1,90.0,20.96962592026,10.450868962917,"1.4,20.970494883177,0,0","0,0,0,0","0,0,0,0",1680.80339938123,1671.4969,-1.59036333333334,-2.5,-1.9,"[-20.96962592026, 10.800868962917]","[-20.96962592026, 10.450868962917]",[0],20.96962592026,10.800868962917,[-1.95696e+01  9.00000e-04],9.306499381229969,"['CB12', 'CB13', 'CB11', 'CB02', 'CB01']","[8.4, 3.870494883176998, 4.15, 7.3, 6.5]","[94.709, 35.02797869275184, 43.39750000000001, 105.39500000000001, 58.38000000000001]",31.420494883177,31.770494883177,-19.5696,0.0009,0.0,19.570500000000003,0.0
302,SEC2/ML06/P09,M2K+21296.000,M2K,SEC206,21296.0,FC1,90.0,23.05106633661,10.451271509726,"1.4,23.052337846336,0,0","0,0,0,0","0,0,0,0",1680.69282801378,1671.379,-2.89036333333333,-2.89036333333333,-2.9,"[-23.05106633661, 10.801271509726]","[-23.05106633661, 10.451271509726]",[0],23.05106633661,10.801271509726,[-2.16511e+01  1.30000e-03],9.31382801378004,"['CB12', 'CB13', 'CB11', 'CB02', 'CB01']","[8.4, 5.952337846335996, 4.15, 7.3, 6.5]","[94.709, 53.86865750934077, 43.39750000000001, 105.39500000000001, 58.38000000000001]",33.502337846336,33.852337846336,-21.6511,0.0013,0.0,21.6524,0.0
307,SEC2/ML06/P14,M2K+21446.000,M2K,SEC206,21446.0,F3,90.0,15.4784088582513,17.0659221098985,"-2.90808108806726,10.5814706776935,26.8362498800825,0","0,0,0,0","0,0,0,0",1679.84880628492,1668.8016,-2.92778461538457,-2.92778461538457,-2.9,"[-11.170327770184, 12.107087205326]","[-15.4784088582513, 17.0659221098985]",[0],11.170327770184,12.107087205326,[-14.0784  -0.5889  15.6659],11.047206284920094,"['CB17', 'CB21', 'CB18', 'CB17']","[9.5895, 10, 7.0548, 5]","[115.822725, 145.97000000000003, 81.48294000000001, 62.81400000000001]",32.5443309681498,23.27741497551,-14.0784,-0.5889,15.6659,13.4895,16.2548
308,SEC2/ML06/P15,M2K+21476.000,M2K,SEC206,21476.0,F3,90.0,15.3258,16.07414,"-2.9,11,25.7,0","0,0,0,0","0,0,0,0",1679.67709376285,1668.1166,-2.00470769230764,-2.00470769230764,-2.0,"[-11.02586928404, 13.341477835237]","[-15.3258, 16.07414]",[0],11.02586928404,13.341477835237,[-13.9259  -0.0259  14.6741],11.560493762850001,"['CB17', 'CB21', 'CB17']","[10.0, 10, 10.799999999999999]","[120.564, 145.97000000000003, 129.804]",31.39994,24.367347119277,-13.9259,-0.0259,14.6741,13.9,14.7
309,SEC2/ML06/P16,M2K+21506.000,M2K,SEC206,21506.0,F3,90.0,14.5606237629201,15.3899318188089,"-2.27964858125306,11.1970936210814,24.8709070004759,0","0,0,0,0","0,0,0,0",1679.50544653519,1667.615,-1.08163076923072,-1.08163076923072,-1.1,"[-10.880975181667, 13.800326931547]","[-14.5606237629201, 15.3899318188089]",[0],10.880975181667,13.800326931547,[-13.1606   0.3161  13.9899],11.890446535189994,"['CB17', 'CB21', 'CB17']","[9.5767, 10, 9.7738]","[115.67488499999999, 145.97000000000003, 117.95138999999999]",29.950555581729,24.681302113214002,-13.1606,0.3161,13.9899,13.476700000000001,13.6738
310,SEC2/ML06/P17,M2K+21536.000,M2K,SEC206,21536.0,F3,90.0,13.4775697565065,16.5131271327653,"-1.27550080098252,12.2489324734262,25.9151960882893,0","0,0,0,0","0,0,0,0",1679.33383987072,1667.328,-0.158553846153798,-0.158553846153798,-0.2,"[-10.802068955524, 13.81371700672]","[-13.4775697565065, 16.5131271327653]",[0],10.802068955524,13.81371700672,[-12.0776   1.4469  15.1131],12.005839870720138,"['CB17', 'CB21', 'CB17']","[9.6245, 10, 9.7662]","[116.226975, 145.97000000000003, 117.86361]",29.990696889271803,24.615785962243997,-12.0776,1.4469,15.1131,13.5245,13.6662
311,SEC2/ML06/P18,M2K+21566.000,M2K,SEC206,21566.0,F3,90.0,12.1735053490973,16.929136105267,"0.0267911543046924,13.3744269764009,26.329432608669,0","0,0,0,0","0,0,0,0",1679.17218204231,1667.3184,0.955653846153907,0.955653846153907,1.0,"[-10.800296503402, 13.985878104236]","[-12.1735053490973, 16.929136105267]",[0],10.800296503402,13.985878104236,[-10.7735   2.5741  15.5291],11.853782042309831,"['CB17', 'CB21', 'CB17']","[9.4476, 10, 9.055]","[114.18378000000001, 145.97000000000003, 109.64925]",29.1026414543643,24.786174607638003,-10.7735,2.5741,15.5291,13.3476,12.955
312,SEC2/ML06/P19,M2K+21591.000,M2K,SEC206,21591.0,F3,90.0,12.012870934748,17.7723493657098,"0.187990572640011,13.8920107186024,27.1732108730978,0","0,0,0,0","0,0,0,0",1679.05126774412,1666.91665,1.91719230769237,1.91719230769237,1.9,"[-10.800861507388, 14.455904063563]","[-12.012870934748, 17.7723493657098]",[0],10.800861507388,14.455904063563,[-10.6129   3.0911  16.3723],12.134617744120078,"['CB17', 'CB21', 'CB17']","[9.804, 10, 9.381199999999998]","[118.30020000000002, 145.97000000000003, 113.41685999999999]",29.7852203004578,25.256765570951,-10.6129,3.0911,16.3723,13.704,13.281199999999998
313,SEC2/ML06/P20,M2K+21616.000,M2K,SEC206,21616.0,F3,90.0,12.4533124384629,17.8869546644701,"-0.252370276942907,13.6782383256838,27.2878968259901,0","0,0,0,0","0,0,0,0",1679.01210105027,1666.9118,2.87873076923083,2.87873076923083,2.9,"[-10.80094216152, 15.394247370982]","[-12.4533124384629, 17.8869546644701]",[0],10.80094216152,15.394247370982,[-11.0533   2.8773  16.487 ],12.10030105026999,"['CB17', 'CB21', 'CB17']","[10.0306, 10, 9.709699999999998]","[120.91743000000001, 145.97000000000003, 117.21103499999998]",30.340267102932998,26.195189532502,-11.0533,2.8773,16.487,13.9306,13.609699999999998
314,SEC2/ML06/P21,M2K+21646.000,M2K,SEC206,21646.0,F3,90.0,12.2227582046297,17.4262462927703,"-0.0211946234616751,13.2100760237196,26.8278098739383,0","0,0,0,0","0,0,0,0",1679.05300800326,1667.1448,4.03257692307698,4.03257692307698,4.0,"[-10.801563581168, 17.108078253226]","[-12.2227582046297, 17.4262462927703]",[0],10.801563581168,17.108078253226,[-10.8228   2.4085  16.0262],11.908208003259915,"['CB17', 'CB21', 'CB17']","[9.3313, 10, 9.717699999999999]","[112.84051500000001, 145.97000000000003, 117.30343500000001]",29.6490044974,27.909641834394,-10.8228,2.4085,16.0262,13.231300000000001,13.6177
315,SEC2/ML06/P22,M2K+21676.000,M2K,SEC206,21676.0,F3,90.0,12.6197210689357,19.064285844053,"-0.419724780174678,13.1253594923513,28.464282132814,0","0,0,0,0","0,0,0,0",1679.20770541638,1667.1758,5.0,5.0,5.0,"[-10.799996288761, 19.314285844053]","[-12.6197210689357, 19.064285844053]",[0],10.799996288761,19.314285844053,[-11.2197   2.3254  17.6643],12.031905416379914,"['CB17', 'CB21', 'CB17']","[9.6451, 10, 11.4389]","[116.46490499999999, 145.97000000000003, 137.18329500000002]",31.6840069129887,30.114282132813997,-11.2197,2.3254,17.6643,13.5451,15.3389
316,SEC2/ML06/P23,M2K+21705.000,M2K,SEC206,21705.0,F3,90.0,12.364157082478,21.51182794771,"-0.164160805782983,13.4236945802404,30.911824224405,0","0,0,0,0","0,0,0,0",1679.45501214667,1667.31375,5.0,5.0,5.0,"[-10.799996276695, 21.76182794771]","[-12.364157082478, 21.51182794771]",[0],10.799996276695,21.76182794771,[-10.9642   2.6237  20.1118],12.141262146669987,"['CB17', 'CB21', 'CB18', 'CB17']","[9.687899999999999, 10, 8.2881, 5]","[116.95924500000001, 145.97000000000003, 95.72755500000001, 62.81400000000001]",33.875985030188,32.561824224405,-10.9642,2.6237,20.1118,13.5879,17.4881
317,SEC2/ML06/P24,M2K+21735.000,M2K,SEC206,21735.0,F3,90.0,21.7630904919903,18.0280009702649,"-9.56309421500435,13.2513810780072,27.4279972472509,0","0,0,0,0","0,0,0,0",1679.81496583869,1667.5215,5.0,5.0,5.0,"[-10.799996276986, 12.100003724813]","[-21.7630904919903, 18.0280009702649]",[0],10.799996276986,12.100003724813,[-20.3631   2.4514  16.628 ],12.293465838689826,"['CB17', 'CB18', 'CB21', 'CB17']","[7.1145, 11.5, 10, 10.2766]","[87.236475, 132.82500000000002, 145.97000000000003, 123.75873000000001]",39.791091462255196,22.900000001799,-20.3631,2.4514,16.628,22.8145,14.1766
318,SEC2/ML06/P25,M2K+21765.000,M2K,SEC206,21765.0,F3,90.0,18.9943051488068,19.1933178018097,"-6.79430885793075,13.8734541716049,28.5933140926857,0","0,0,0,0","0,0,0,0",1680.28080080323,1667.4395,5.0,5.0,5.0,"[-10.799996290876, 12.100003710585]","[-18.9943051488068, 19.1933178018097]",[0],10.799996290876,12.100003710585,[-17.5943   3.0735  17.7933],12.84130080323007,"['CB17', 'CB18', 'CB21', 'CB17']","[5, 11.4678, 10, 10.819799999999999]","[62.81400000000001, 132.45309000000003, 145.97000000000003, 130.03269]",38.1876229506165,22.900000001461002,-17.5943,3.0735,17.7933,20.6678,14.7198
319,SEC2/ML06/P26,M2K+21795.000,M2K,SEC206,21795.0,F3,90.0,16.1779665350715,22.8394543933608,"-3.9779702150025,15.353961721688,32.2394507134298,0","0,0,0,0","0,0,0,0",1680.8525142255,1667.5325,5.0,5.0,5.0,"[-10.799996320069, 12.10000368322]","[-16.1779665350715, 22.8394543933608]",[0],10.799996320069,12.10000368322,[-14.778    4.554   21.4395],13.320014225500017,"['CB17', 'CB18', 'CB21', 'CB18', 'CB17']","[5, 10.132000000000001, 10, 7.685500000000001, 5]","[62.81400000000001, 117.02460000000002, 145.97000000000003, 88.76752500000002, 62.81400000000001]",39.0174209284323,22.900000003289,-14.778,4.554,21.4395,19.332,16.8855
320,SEC2/ML06/P27,M2K+21825.000,M2K,SEC206,21825.0,F2,90.0,13.6,11.75,"-1.4,17.86,0,0","0,0,0,0","0,0,0,0",1681.53011151365,1667.72025,5.0,5.0,5.0,"[-10.799996360646, 12.100003644024]","[-13.6, 11.75]",[0],10.799996360646,12.100003644024,[-12.2    7.06],13.809861513649821,"['CB17', 'CB18', 'CB17']","[5, 11.06, 8.690000000000001]","[62.81400000000001, 127.74300000000004, 105.43350000000004]",25.35,22.900000004669998,-12.2,7.06,0.0,19.259999999999998,0.0
321,SEC2/ML06/P28,M2K+21855.000,M2K,SEC206,21855.0,F2,90.0,10.549996413456,11.850003588291,"1.65,21.250000001747,0,0","0,0,0,0","0,0,0,0",1682.31359611656,1668.138,5.0,5.0,5.0,"[-10.799996413456, 12.100003588291]","[-10.549996413456, 11.850003588291]",[0],10.799996413456,12.100003588291,[-9.15 10.45],14.175596116559973,"['CB17', 'CB17']","[11.050000000873501, 11.050000000873501]","[132.69150001008896, 132.69150001008896]",22.400000001747003,22.900000001747003,-9.15,10.45,0.0,19.6,0.0
322,SEC2/ML06/P29,M2K+21885.000,M2K,SEC206,21885.0,F2,90.0,10.549996480656,14.5923157741696,"1.65,23.9923122548256,0,0","0,0,0,0","0,0,0,0",1683.20296418859,1668.77,5.0,5.0,5.0,"[-10.799996480656, 12.100003522704]","[-10.549996480656, 14.5923157741696]",[0],10.799996480656,12.100003522704,[-9.15   13.1923],14.43296418858995,"['CB17', 'CB18', 'CB17']","[6.521156127412801, 11.5, 6.521156127412801]","[80.38335327161786, 132.82500000000002, 80.38335327161786]",25.1423122548256,22.90000000336,-9.15,13.1923,0.0,22.3423,0.0
323,SEC2/ML06/P30,M2K+21915.000,M2K,SEC206,21915.0,F2,90.0,10.549996562127,18.6651251536394,"1.65,28.0651217157664,0,0","0,0,0,0","0,0,0,0",1684.16148035851,1669.37675,5.0,5.0,5.0,"[-10.799996562127, 12.100003444621]","[-10.549996562127, 18.6651251536394]",[0],10.799996562127,12.100003444621,[-9.15   17.2651],14.78473035851016,"['CB17', 'CB18', 'CB17']","[8.5575608578832, 11.5, 8.5575608578832]","[103.90382790855097, 132.82500000000002, 103.90382790855097]",29.2151217157664,22.900000006748,-9.15,17.2651,0.0,26.415100000000002,0.0
328,SEC2/ML06/P35,M2K+22060.000,M2K,SEC206,22060.0,F2,90.0,10.550033105577,13.0705382126556,"1.65,22.4705713182326,0,0","0,0,0,0","0,0,0,0",1688.63655312353,1670.72,2.5,-1.13827272727279,0.7,"[-10.800033105577, 10.799966901059]","[-10.550033105577, 13.0705382126556]",[0],10.800033105577,10.799966901059,[-9.15   11.6705],17.916553123529866,"['CB17', 'CB18', 'CB17']","[5.7602856591163, 11.5, 5.7602856591163]","[71.59529936279328, 132.82500000000002, 71.59529936279328]",23.6205713182326,21.600000006636,-9.15,11.6705,0.0,20.820500000000003,0.0
329,SEC2/ML06/P36,M2K+22085.000,M2K,SEC206,22085.0,F2,90.0,10.550033110149,10.549966905345,"1.65,19.950000015494,0,0","0,0,0,0","0,0,0,0",1689.33632072182,1668.94275,2.5,-2.27463636363642,0.1,"[-10.800033110149, 10.799966905345]","[-10.550033110149, 10.549966905345]",[0],10.800033110149,10.799966905345,[-9.15  9.15],20.39357072181997,"['CB17', 'CB17']","[10.400000007747, 10.400000007747]","[125.18400008947786, 125.18400008947786]",21.100000015494,21.600000015494,-9.15,9.15,0.0,18.3,0.0
330,SEC2/ML06/P37,M2K+22110.000,M2K,SEC206,22110.0,F2,90.0,13.117098610398,10.549966905219,"-0.917065500074001,19.950000015543,0,0","0,0,0,0","0,0,0,0",1690.00373616302,1671.6595,2.5,-2.5,0.0,"[-10.800033110324, 10.799966905219]","[-13.117098610398, 10.549966905219]",[0],10.800033110324,10.799966905219,[-11.7171   9.15  ],18.344236163020014,"['CB17', 'CB18', 'CB17']","[5.783532757808499, 11.5, 5.783532757808499]","[71.86380335268818, 132.82500000000002, 71.86380335268818]",23.667065515616997,21.600000015543,-11.7171,9.15,0.0,20.8671,0.0
336,SEC2/ML06/P43,M2K+22267.000,M2K,SEC206,22267.0,F3,90.0,13.7759146296634,13.6829756189769,"-1.57593173718938,9.86996527804696,23.0829585114509,0","0,0,0,0","0,0,0,0",1692.51598719308,1679.48385,2.18812499999998,-2.5,-0.2,"[-10.799982892474, 10.800017055048]","[-13.7759146296634, 13.6829756189769]",[0],10.799982892474,10.800017055048,[-12.3759  -0.93    12.283 ],13.032137193079961,"['CB17', 'CB21', 'CB17']","[7.5459, 10, 9.312999999999999]","[92.219145, 145.97000000000003, 112.62915]",27.4588902486403,21.599999947522,-12.3759,-0.93,12.283,11.4459,13.213
337,SEC2/ML06/P44,M2K+22297.000,M2K,SEC206,22297.0,F2,90.0,17.1117592871404,10.550217334666,"-4.91197783103239,19.949998790774,0,0","0,0,0,0","0,0,0,0",1692.84546430137,1679.7383,0.938124999999976,-2.5,-0.8,"[-10.799781456108, 10.800217334666]","[-17.1117592871404, 10.550217334666]",[0],10.799781456108,10.800217334666,[-15.7118   9.1502],13.107164301369949,"['CB17', 'CB18', 'CB17']","[7.780988310903202, 11.5, 7.780988310903202]","[94.93441499093197, 132.82500000000002, 94.93441499093197]",27.661976621806403,21.599998790774002,-15.7118,9.1502,0.0,24.862000000000002,0.0
338,SEC2/ML06/P45,M2K+22327.000,M2K,SEC206,22327.0,F2,90.0,22.2,10.45,"-10,14.7,0,0","0,0,0,0","0,0,0,0",1693.17493912214,1679.9995,-0.311875000000024,-2.5,-1.4,"[-10.799579248978, 10.800416837788]","[-22.2, 10.45]",[0],10.799579248978,10.800416837788,[-20.7996   3.9004],13.175439122140006,"['CB17', 'CB18', 'CB17']","[10.0004, 11.5, 10.5496]","[120.56862000000001, 132.82500000000002, 126.91188]",32.65,21.599996086765998,-20.7996,3.9004,0.0,24.700000000000003,0.0
344,SEC2/ML06/P51,M2K+22507.000,M2K,SEC206,22507.0,FC2,90.0,10.450033144293,22.013095355539,"7.8,13.8,31.413128499832,0","0,0,0,0","0,0,0,0",1694.89450273215,1683.7178,-2.5,-2.5,-2.5,"[-10.800033144293, 22.013095355539]","[-10.450033144293, 22.013095355539]",[0],10.800033144293,22.013095355539,[-3.      3.     20.6131],11.176702732150034,"['CB06', 'CB14', 'CB16', 'CB15']","[11.7, 8.45, 3.013128499832004, 8.4]","[123.904, 87.27250000000001, 24.255684423647637, 91.759]",32.463128499832,32.813128499832004,-3.0,3.0,20.6131,6.0,17.6131
345,SEC2/ML06/P52,M2K+22537.000,M2K,SEC206,22537.0,FC2,90.0,10.449750304805,20.081036983976,"7.8,13.8,29.480787288781,0","0,0,0,0","0,0,0,0",1695.11048818794,1684.1182,-1.6097083333334,-2.5,-2.2,"[-10.799750304805, 20.081036983976]","[-10.449750304805, 20.081036983976]",[0],10.799750304805,20.081036983976,[-2.9998  3.0002 18.681 ],10.992288187940176,"['CB06', 'CB14', 'CB15']","[11.7, 9.830787288781, 8.4]","[123.904, 98.38783767468706, 91.759]",30.530787288781,30.880787288781,-2.9998,3.0002,18.681,6.0,15.680800000000001
346,SEC2/ML06/P53,M2K+22567.000,M2K,SEC206,22567.0,FC2,90.0,10.449837192851,21.2388766791199,"7.8,13.8,30.6387138719709,0","0,0,0,0","0,0,0,0",1695.31186499891,1684.6213,-0.359708333333401,-2.5,-1.7,"[-10.799837192851, 18.487820757118]","[-10.449837192851, 21.2388766791199]",[0],10.799837192851,18.487820757118,[-2.9998  3.0002 19.8389],10.690564998910077,"['CB06', 'CB14', 'CB15']","[11.7, 10.988713871970901, 8.4]","[123.904, 107.70914666936577, 91.759]",31.6887138719709,29.287657949969002,-2.9998,3.0002,19.8389,6.0,16.8387
347,SEC2/ML06/P54,M2K+22597.000,M2K,SEC206,22597.0,FC2,90.0,10.449923824806,23.0459535620233,"7.8,13.8,32.4458773868293,0","0,0,0,0","0,0,0,0",1695.51324133481,1685.03445,0.890291666666599,-2.5,-1.2,"[-10.799923824806, 17.135112099304]","[-10.449923824806, 23.0459535620233]",[0],10.799923824806,17.135112099304,[-2.9999  3.0001 21.646 ],10.478791334809785,"['CB06', 'CB14', 'CB16', 'CB15']","[11.7, 8.45, 4.0458773868293, 8.4]","[123.904, 87.27250000000001, 32.56931296397587, 91.759]",33.4958773868293,27.935035924109997,-2.9999,3.0001,21.646,6.0,18.6459
365,SEC2/ML08/P07,M2K+23137.000,M2K,SEC208,23137.0,FC2,90.0,10.450032889336,21.1374071072459,"7.8,13.8,30.5374399965819,0","0,0,0,0","0,0,0,0",1706.49828831505,1694.31195,2.5,-2.5,-0.7,"[-10.800032889336, 18.529239516665]","[-10.450032889336, 21.1374071072459]",[0],10.800032889336,18.529239516665,[-3.      3.     19.7374],12.18633831505008,"['CB06', 'CB14', 'CB15']","[11.7, 10.8874399965819, 8.4]","[123.904, 106.89389197248431, 91.759]",31.5874399965819,29.329272406001003,-3.0,3.0,19.7374,6.0,16.7374
366,SEC2/ML08/P08,M2K+23167.000,M2K,SEC208,23167.0,FC2,90.0,10.450032885633,19.913719780271,"7.8,13.8,29.313752665904,0","0,0,0,0","0,0,0,0",1707.24811949744,1695.54465,2.5,-2.5,-0.8,"[-10.800032885633, 19.913719780271]","[-10.450032885633, 19.913719780271]",[0],10.800032885633,19.913719780271,[-3.      3.     18.5137],11.703469497439983,"['CB06', 'CB14', 'CB15']","[11.7, 9.663752665904, 8.4]","[123.904, 97.04320896052721, 91.759]",30.363752665904,30.713752665903996,-3.0,3.0,18.5137,6.0,15.5137
367,SEC2/ML08/P09,M2K+23197.000,M2K,SEC208,23197.0,FC2,90.0,10.450032886153,20.585209975237,"7.8,13.8,29.98524286139,0","0,0,0,0","0,0,0,0",1707.98278500386,1696.70735,2.5,-2.5,-0.9,"[-10.800032886153, 20.585209975237]","[-10.450032886153, 20.585209975237]",[0],10.800032886153,20.585209975237,[-3.      3.     19.1852],11.275435003860139,"['CB06', 'CB14', 'CB15']","[11.7, 10.33524286139, 8.4]","[123.904, 102.44870503418952, 91.759]",31.03524286139,31.385242861389997,-3.0,3.0,19.1852,6.0,16.1852
383,SEC2/ML09/P14,M2K+23677.000,M2K,SEC209,23677.0,F2,90.0,10.550032894347,10.54996711361,"1.65,19.950000007957,0,0","0,0,0,0","0,0,0,0",1716.65395444155,1705.46725,2.5,-2.5,0.0,"[-10.800032894347, 10.79996711361]","[-10.550032894347, 10.54996711361]",[0],10.800032894347,10.79996711361,[-9.15  9.15],11.186704441550091,"['CB17', 'CB17']","[10.4000000039785, 10.4000000039785]","[125.18400004595168, 125.18400004595168]",21.100000007957,21.600000007957,-9.15,9.15,0.0,18.3,0.0
392,SEC2/ML09/P23,M2K+23947.000,M2K,SEC209,23947.0,F2,90.0,10.550033802208,10.849966203881,"1.65,20.250000006089,0,0","0,0,0,0","0,0,0,0",1721.05373655364,1709.08805,4.0,4.0,4.0,"[-10.800033802208, 11.099966203881]","[-10.550033802208, 10.849966203881]",[0],10.800033802208,11.099966203881,[-9.15  9.45],11.965686553639898,"['CB17', 'CB17']","[10.5500000030445, 10.5500000030445]","[126.91650003516399, 126.91650003516399]",21.400000006089,21.900000006089,-9.15,9.45,0.0,18.6,0.0
395,SEC2/ML09/P26,M2K+24037.000,M2K,SEC209,24037.0,F2,90.0,10.45,10.75,"5.93,20.15,0,0","0,0,0,0","0,0,0,0",1722.44407884387,1710.48845,4.0,4.0,4.0,"[-10.800033274971, 11.099966743138]","[-10.45, 10.75]",[0],10.800033274971,11.099966743138,[-4.87  9.35],11.955628843870045,"['CB17', 'CB17']","[9.579999999999998, 11.32]","[115.71299999999997, 135.81]",21.2,21.900000018108997,-4.87,9.35,0.0,14.219999999999999,0.0
397,SEC2/ML09/P28,M2K+24097.000,M2K,SEC209,24097.0,F3,90.0,15.77145984263,13.3137602794202,"-3.57142720778196,9.69282794315728,22.7137929142682,0","0,0,0,0","0,0,0,0",1723.22279798204,1711.15825,4.0,4.0,4.0,"[-10.800032634848, 11.099967365266]","[-15.77145984263, 13.3137602794202]",[0],10.800032634848,11.099967365266,[-14.3715  -1.1072  11.9138],12.06454798204004,"['CB17', 'CB21', 'CB17']","[9.364299999999998, 10, 9.121]","[113.221665, 145.97000000000003, 110.41155]",29.0852201220502,21.900000000113998,-14.3715,-1.1072,11.9138,13.264299999999999,13.021
398,SEC2/ML09/P29,M2K+24127.000,M2K,SEC209,24127.0,F2,90.0,10.45,10.75,"2.7,20.15,0,0","0,0,0,0","0,0,0,0",1723.44739742476,1711.7817,4.0,4.0,4.0,"[-10.800032255497, 11.099967776067]","[-10.45, 10.75]",[0],10.800032255497,11.099967776067,[-8.1   9.35],11.665697424760083,"['CB17', 'CB18', 'CB17']","[6.35, 9.25, 5]","[78.40650000000001, 106.83750000000002, 62.81400000000001]",21.2,21.900000031563998,-8.1,9.35,0.0,17.45,0.0
399,SEC2/ML09/P30,M2K+24157.000,M2K,SEC209,24157.0,F2,90.0,10.550031791994,10.849968207896,"1.65,20.24999999989,0,0","0,0,0,0","0,0,0,0",1723.55950234334,1712.3746,4.0,4.0,4.0,"[-10.800031791994, 11.099968207896]","[-10.550031791994, 10.849968207896]",[0],10.800031791994,11.099968207896,[-9.15  9.45],11.1849023433399,"['CB17', 'CB17']","[10.549999999945, 10.549999999945]","[126.91649999936473, 126.91649999936473]",21.39999999989,21.89999999989,-9.15,9.45,0.0,18.6,0.0
400,SEC2/ML09/P31,M2K+24187.000,M2K,SEC209,24187.0,F2,90.0,10.550031292088,10.849968710638,"1.65,20.250000002726,0,0","0,0,0,0","0,0,0,0",1723.55910452479,1712.9405,4.0,4.0,4.0,"[-10.800031292088, 11.099968710638]","[-10.550031292088, 10.849968710638]",[0],10.800031292088,11.099968710638,[-9.15  9.45],10.618604524790044,"['CB17', 'CB17']","[10.550000001363001, 10.550000001363001]","[126.91650001574267, 126.91650001574267]",21.400000002726003,21.900000002726003,-9.15,9.45,0.0,18.6,0.0
